Country Name,1991,1992,1993,1994,1995,1996,1997,1998,1999,2000,2001,2002,2003,2004,2005,2006,2007,2008,2009,2010,2011,2012,2013,2014,2015,2016,2017,2018,2019,2020,2021,2022
Africa Eastern and Southern,65.4326018393669,65.6236169458762,65.7406004286464,65.9429256145555,66.2972700468884,66.4603364268475,66.5359406062029,66.6273407918853,66.7354591836743,66.8403785234227,66.9365367769419,67.1061795286124,67.2879861916749,67.456364822593,67.6304887265793,67.5038868162436,67.2988437538283,67.0939353004792,66.7074833396819,65.9822584460594,66.116089187751,65.9131172404616,65.9821538853781,65.9033522371247,66.0538802362794,66.0855939483056,66.2379949730745,66.2002187110159,66.2487264489891,65.4525621952564,65.9937145262379,66.1956490920885
Afghanistan,16.101,16.17,16.19,16.204,16.278,16.112,15.951,15.834,15.757,15.697,15.828,16.01,16.205,16.391,16.566,16.356,16.165,16.011,15.924,15.938,16.283,16.719,17.72,18.757,19.832,20.946,22.1,20.631,19.117,17.071,15.322,5.342
Africa Western and Central,60.6237682368627,60.5251884710182,60.4432848525335,60.3666665593203,60.3122724165187,60.2424107862576,60.1870684331973,60.1441140977387,60.1234464981871,60.1120490051676,60.0706259717776,60.0476466793207,59.9572455389293,59.8879982895069,59.7735751577996,59.6327023994331,59.5477682558969,59.3324558683807,59.1100322656911,58.8785181334943,58.7318868833842,58.3060600559304,57.8719918831578,57.2692345468873,56.8818429630531,56.5950269351093,55.9902202426033,55.5322062750196,55.1766088388085,54.5159908652122,54.711000399491,55.0271786790973
Angola,76.136,76.117,76.062,76.082,76.137,76.166,76.194,76.226,76.261,76.302,76.317,76.363,76.387,76.431,76.482,76.492,76.511,76.525,76.514,76.517,75.873,75.652,75.428,75.199,74.968,74.736,74.502,74.266,74.029,74.139,75.83,73.801
Albania,58.279,58.999,58.301,57.737,56.861,56.325,57.271,56.738,55.996,55.671,55.3,55.221,54.76,54.315,53.875,53.433,52.991,52.551,53.28,54.496,60.651,56.199,50.702,51.298,55.422,58.861,58.353,60.386,62.31,59.49,61.224,63.446
Arab World,20.3240065774967,20.7204940571284,20.6789763493487,21.0941961842337,20.9361334714732,20.8854358798527,20.7562611698012,20.6618908908346,21.1808053036952,21.2624030260867,21.1608691071665,20.4892360222369,20.7356766993814,20.952667965968,21.1822390700254,21.4761504690551,22.0159237639724,21.6567896756608,21.8656946080475,21.9773945019274,22.0596063894335,22.0293416061275,22.3466174094088,22.4006209641271,22.6387317248072,22.8981613555875,22.1161888454652,21.2185645919222,20.7659980288654,20.3845926622842,21.0300670601706,21.218016837768
United Arab Emirates,30.219,30.731,31.425,31.656,31.893,32.433,32.787,33.172,33.619,34.148,34.774,35.501,36.32,37.213,37.979,38.782,39.444,40.212,41.225,42.553,44.069,45.585,47.107,48.639,50.177,51.709,53.886,54.39,58.401,62.876,54.588,55.981
Argentina,53.03,54.385,55.813,56.79,55.995,56.916,58.351,58.963,58.089,57.783,56.717,54.213,55.856,57.542,56.35,57.155,56.426,55.678,56.418,55.28,55.663,56.02,55.638,55.284,55.38,55.471,55.559,57.444,58.341,54.472,59.216,58.9
Armenia,64.004,64.095,64.13,64.122,64.094,64.07,64.075,64.082,64.045,63.971,63.885,63.768,63.645,63.535,63.421,63.314,63.228,63.022,63.591,63.682,63.768,63.867,64.093,64.364,64.711,65.092,65.529,65.924,68.622,69.189,70.141,68.552
Australia,61.591,61.734,61.605,62.747,63.99,64.268,64.022,64.104,64.11,65.194,65.862,66.102,66.983,66.699,68.168,68.881,69.428,69.95,70.167,69.97,70.448,70.379,70.448,70.535,71.238,71.62,72.354,73.229,73.85,73.23,74.756,75.299
Austria,55.979,57.604,58.208,61.895,62.935,62.321,62.212,62.936,63.142,62.934,62.762,64.268,64.423,64.524,65.796,66.895,67.987,68.745,69.674,69.776,70.208,70.977,71.552,71.722,71.799,72.614,72.76,72.929,73.302,73.281,73.743,74.674
Azerbaijan,71.934,73.62,75.792,77.95,79.391,79.539,79.319,78.819,78.56,77.981,76.324,74.849,72.389,70.316,68.819,66.788,61.452,60.828,62.701,64.609,62.95,64.026,64.215,65.269,66.065,67.336,68.071,68.915,72.186,71.284,72.56,74.64
Burundi,91.093,90.569,89.953,89.267,88.602,87.832,86.969,86.063,85.232,84.36,83.453,82.496,81.474,80.383,79.175,77.835,78.515,79.115,79.723,80.28,80.703,81.079,81.421,81.697,81.656,81.536,81.311,81.008,80.543,79.3,79.764,79.431
Belgium,48.319,49.574,50.525,51.499,52.061,52.287,53.079,54.056,56.008,56.613,54.471,55.424,55.831,57.618,59.426,59.485,60.339,60.761,60.912,61.805,61.092,61.347,62.306,62.943,62.942,62.829,64.164,65.29,65.876,65.362,66.515,67.814
Benin,58.106,58.09,58.822,59.584,60.388,61.2,62.026,62.876,63.752,64.655,65.587,66.548,67.009,67.473,67.942,68.415,68.89,69.367,69.845,70.325,70.808,69.003,67.14,65.218,63.252,61.25,59.209,57.135,57.194,56.647,55.609,57.292
Burkina Faso,82.129,81.025,79.888,78.704,77.495,76.261,74.98,73.656,72.291,70.88,69.445,67.975,66.486,64.963,63.428,61.867,61.451,61.066,60.705,60.367,60.049,59.749,59.462,59.193,59.196,59.207,59.223,59.249,59.282,58.704,59.274,59.255
Bangladesh,26.488,26.658,26.874,27.124,27.404,27.63,27.893,28.184,28.484,28.776,28.988,29.215,29.448,29.674,29.899,30.027,30.503,30.99,31.477,31.948,32.417,32.891,33.37,33.855,34.353,34.866,38.48,38.824,39.122,38.833,40.309,39.544
Bulgaria,65.916,66.41,65.286,64.117,62.91,61.673,60.411,59.164,57.961,56.75,59.318,58.89,57.241,58.363,57.272,59.943,61.563,62.733,62.007,62.776,62.49,63.731,65.135,65.623,65.995,65.118,67.689,67.609,69.336,68.132,68.327,70.371
Bahrain,30.158,30.819,31.474,32.135,32.806,33.485,34.179,34.903,35.673,36.497,37.375,38.238,39.064,39.776,40.478,41.258,42.116,43.054,44.077,45.081,44.073,44.343,44.56,44.65,44.746,44.968,45.315,45.897,46.292,45.549,45.909,46.275
"Bahamas, The",69.374,69.957,70.542,71.103,71.562,71.941,72.691,72.032,73.385,73.771,74.003,74.187,73.841,73.724,73.934,74.08,74.05,73.553,72.844,72.804,72.708,72.946,72.501,72.512,72.415,72.48,72.724,72.973,73.039,68.041,70.623,71.816
Bosnia and Herzegovina,35.273,35.162,34.938,34.698,34.443,34.355,34.289,34.337,34.43,34.484,34.57,35.215,35.83,36.414,36.977,37.516,37.661,39.476,40.038,41.432,41.558,41.515,41.668,43.599,43.718,43.262,43.938,43.678,46.18,45.577,49.484,50.399
Belarus,64.46,64.553,64.649,64.949,65.37,65.497,65.528,65.738,66.078,67.014,67.85,68.551,69.139,69.636,70.109,70.541,70.905,71.215,71.464,71.729,72.139,72.655,73.201,73.762,74.261,74.714,74.857,74.595,75.338,75.346,75.96,76.34
Belize,34.947,35.872,36.235,36.008,37.378,38.782,40.216,41.165,41.2,41.729,42.248,42.756,43.267,43.784,44.302,44.824,45.35,45.881,46.419,46.943,47.452,47.973,48.504,49.521,50.45,51.389,50.665,51.047,51.28,49.757,51.002,52.586
Bolivia,58.432,58.357,58.746,59.223,59.704,60.118,60.632,61.454,62.271,60.704,60.836,60.953,61.078,61.21,61.35,64.924,61.818,63.623,64.297,63.992,63.692,59.31,60.191,62.619,55.798,58.363,60.368,64.973,62.281,61.372,59.709,60.805
Brazil,46.671,47.788,48.921,50.067,51.225,50.031,51.191,52.046,53.532,54.671,55.771,57.462,57.72,58.818,60.155,59.923,59.794,59.481,60.215,58.755,57.273,57.605,57.735,57.831,58.709,59.202,60.318,60.774,61.786,56.63,59.26,60.909
Barbados,70.603,70.044,71.015,72.019,74.021,72.585,73.895,73.4,72.78,74.069,75.336,74.143,75.372,75.656,75.584,73.498,72.502,73.196,73.522,73.829,74.105,71.689,72.757,71.653,71.927,73.107,71.903,70.693,71.189,69.853,71.125,71.923
Brunei Darussalam,48.093,49.129,50.175,51.229,52.289,53.352,54.413,55.465,56.51,57.546,58.57,58.628,58.688,58.757,58.835,58.913,58.983,59.039,59.079,59.116,59.192,59.244,59.329,59.443,59.579,59.742,59.935,61.074,58.546,58.481,59.349,59.779
Bhutan,59.278,59.198,59.144,59.086,59.02,59.463,60.018,60.651,61.346,62.104,62.991,63.94,64.915,65.858,66.738,67.196,67.642,68.076,68.496,65.95,64.652,65.793,60.868,56.561,58.027,57.848,57.629,57.383,63.25,65.796,67.62,67.809
Botswana,48.832,48.915,48.976,49.054,49.159,49.248,49.364,49.491,49.745,49.959,50.667,51.379,52.092,52.806,53.519,54.231,55.324,56.415,57.507,54.487,55.191,55.898,56.604,57.321,58.049,58.778,59.513,60.251,60.994,59.506,62.087,62.681
Central African Republic,63.876,63.846,63.844,63.861,63.896,63.869,63.867,63.87,63.878,63.881,63.85,63.833,63.805,63.808,63.804,63.766,63.737,63.713,63.717,63.734,63.677,63.64,63.517,63.506,63.513,63.579,63.657,63.742,63.827,63.224,63.399,63.762
Canada,69.195,68.638,68.538,68.487,68.54,68.602,69.025,69.834,70.54,71.174,71.607,72.945,74.069,74.185,73.731,74.045,74.838,74.808,74.836,74.842,74.691,74.814,75.156,74.678,74.573,74.844,75.389,75.492,75.915,74.209,76.13,76.788
Central Europe and the Baltics,63.0862571580566,62.983833760991,62.3809858853525,61.8189375272197,61.1002539459063,60.5693363451804,60.3743662974426,60.1291618424335,60.1226672791804,60.4623875548745,60.4995261620693,58.9302524851482,58.6464013686429,58.4934599165853,58.2451163983972,58.3446752994863,58.2630263965134,58.5176761155764,59.002071010144,59.621454710475,59.6813913038644,60.5313951167653,61.028929157214,62.0185210662326,62.4802989276534,62.8585216407363,63.9614314527456,64.4653081514891,64.8494643920722,64.869308316086,65.9878120525924,67.1039732587303
Switzerland,63.434,64.024,65.02,64.444,64.596,70.181,70.506,71.972,72.148,71.553,73.144,73.708,73.997,73.783,74.166,74.631,74.906,76.519,76.961,75.246,76.133,76.566,76.992,77.914,78.546,79.339,79.171,79.717,80.066,79.845,79.669,79.235
Channel Islands,56.608,56.943,56.656,56.647,57.194,58.351,59.152,59.616,60.561,60.628,62.179,64.476,65.393,65.386,64.743,64.071,63.191,63.863,65.031,64.947,63.495,63.988,64.223,64.393,64.615,65.035,65.201,65.337,65.655,64.914,65.497,65.449
Chile,34.734,36.37,37.32,38.033,39.402,40.444,41.354,41.806,42.205,41.855,40.889,40.695,42.178,43.795,44.91,46.141,47.221,49.527,50.21,51.244,53.347,53.836,53.981,54.78,54.802,54.732,55.408,56.224,56.337,52.601,54.163,58.229
China,78.861,78.609,78.383,78.148,77.901,77.635,77.347,77.078,76.81,76.514,75.926,75.308,74.664,73.995,73.309,72.64,71.979,71.306,70.632,69.971,70.088,69.899,69.771,69.814,69.898,69.961,69.969,69.992,70.107,69.06,71.021,70.909
Cote d'Ivoire,48.538,48.588,48.651,48.722,48.813,48.846,48.872,48.905,49.348,49.786,50.222,50.651,51.077,51.502,51.923,52.343,52.762,53.183,53.607,54.032,54.458,54.882,55.304,55.727,56.156,56.591,57.033,57.481,57.935,57.393,58.251,58.029
Cameroon,78.822,78.784,78.738,78.739,78.756,78.766,78.789,78.82,78.856,78.893,78.913,78.934,78.957,78.989,79.007,79.009,79.022,76.64,74.082,71.353,70.447,69.537,68.619,67.693,67.722,67.752,67.788,67.833,67.884,67.233,67.331,67.836
"Congo, Dem. Rep.",72.488,72.415,72.338,72.297,72.303,72.273,72.251,72.252,72.245,72.224,72.178,72.155,72.147,72.147,72.149,70.964,69.751,68.513,67.249,65.958,64.641,63.303,63.304,63.318,63.336,63.328,63.342,63.379,63.427,62.823,63.308,63.511
"Congo, Rep.",67.299,67.374,67.445,67.496,67.571,67.635,67.684,67.736,67.752,67.787,67.786,67.809,67.817,67.818,67.816,67.825,67.791,67.79,67.801,67.821,67.749,67.719,67.688,67.688,67.677,67.674,67.703,67.747,67.817,66.868,67.594,67.627
Colombia,53.83,54.329,55.065,55.88,56.592,56.737,57.149,57.051,56.049,56.397,56.541,55.494,56.973,56.236,54.393,53.884,53.389,53.905,57.702,58.229,58.908,60.121,59.48,59.306,59.728,59.298,59.077,58.049,57.285,56.176,57.09,56.349
Comoros,32.525,32.549,32.567,32.584,32.637,32.681,32.749,32.822,32.929,33.085,33.208,33.339,33.451,33.542,33.592,33.643,33.693,33.737,33.775,33.808,33.84,33.874,33.914,33.962,34.025,34.082,34.163,34.265,34.373,34.052,34.399,34.329
Cabo Verde,44.388,44.728,45.064,45.404,45.751,46.108,46.478,46.857,47.241,47.671,48.153,48.655,49.177,49.71,50.246,50.782,51.32,51.859,52.397,52.846,53.305,53.777,54.275,54.814,55.382,55.999,56.684,52.985,55.15,52.43,53.72,55.272
Costa Rica,35.434,34.819,35.795,37.2,38.051,36.535,39.742,42.188,42.857,41.62,44.794,44.482,44.894,43.265,47.538,47.032,48.299,48.436,49.005,48.443,50.608,55.962,55.848,56.16,54.996,50.945,51.131,54.191,58.484,54.531,56.621,57.025
Caribbean small states,56.0223489347761,56.2957635560314,56.2616035899059,56.2707692141739,56.3176389151545,56.4471813523312,56.3209208823295,56.0035157153584,55.4602979151853,55.2622636105312,54.8726641361418,54.8845010295301,55.270418533113,55.845414612905,56.3310990670417,56.5394283738092,56.2405887104918,56.5165432512299,55.4719645506513,54.7106247305231,54.9674894390063,55.954085921756,56.4426927992742,57.0570250154633,58.6978156578169,58.6777916035525,59.0858695812123,58.9711201662349,59.293912045946,57.2756725418984,58.9516985899139,58.6476771740065
Cuba,41.454,40.038,38.194,38.314,38.634,39.618,39.978,40.005,40.757,41.537,41.994,42.326,42.981,43.854,45.326,46.874,47.844,48.419,49.958,49.546,49.481,49.951,50.374,50.525,51.111,51.135,51.348,51.649,51.618,48.585,49.935,51.124
Cyprus,48.901,49.58,50.398,51.182,51.965,52.755,53.56,54.38,55.213,56.052,59.237,60.121,61.57,60.995,61.121,62.349,64.057,64.337,65.022,66.463,66.3,66.185,66.744,68.913,68.126,66.691,67.648,68.696,68.937,68.075,69.874,72.079
Czechia,63.789,63.819,63.846,64.306,64.039,63.51,63.678,63.931,64.054,63.586,63.151,62.655,62.459,62.134,62.312,62.295,61.428,61.104,61.588,61.623,62.202,63.494,65.065,65.619,66.448,67.648,68.681,69.648,69.839,69.306,69.929,70.35
Germany,61.708,61.421,61.155,61.499,61.386,61.6,62.014,62.334,63.126,63.277,64.03,64.38,65.218,65.208,67.797,69.389,70.19,70.456,71.104,71.218,72.259,72.203,72.888,73.193,73.237,74.569,75.021,75.168,76.197,75.162,75.247,76.173
Djibouti,15.842,15.9,15.993,16.082,16.139,16.223,16.265,16.289,16.341,16.436,16.497,16.594,16.724,16.869,17.015,17.249,17.489,17.736,17.981,18.215,18.351,18.465,18.566,18.671,18.787,18.855,18.954,19.078,19.193,18.747,19.047,19.266
Denmark,78.391,79.236,78.456,73.816,72.682,73.973,74.231,74.83,75.517,75.594,74.41,75.304,74.453,75.685,75.528,76.348,76.073,75.234,75.075,74.482,74.379,74.166,73.913,73.262,73.474,74.573,75.005,75.279,76.035,75.897,76.345,77.976
Dominican Republic,36.608,37.661,38.338,38.52,39.037,39.587,40.468,41.144,41.744,42.209,40.775,42.652,41.68,41.617,42.259,43.247,42.971,44.635,41.569,44.635,46.541,48.081,48.139,48.566,51.51,52.203,52.467,54.163,55.954,50.772,55.206,54.804
Algeria,11.604,11.736,11.887,12.058,12.25,12.466,12.648,12.823,12.989,13.158,13.331,13.507,13.685,13.865,14.049,14.235,14.425,14.618,14.816,15.041,15.937,16.869,17.745,15.984,17.516,18.262,18.166,18.073,18.016,16.948,17.621,18.049
East Asia & Pacific (excluding high income),73.8675513866194,73.6991707978203,73.3604493420014,73.2995058591069,73.087988500707,72.86766686241,72.4715838281203,72.3171926627717,72.0514779210326,71.7777586772501,71.176597140307,70.4601645164103,69.8838703180382,69.2468291199305,68.7278210919142,68.2177151753717,68.220209040478,67.749383913557,67.2234376707741,66.7623393168293,66.9932240256327,66.8751225183392,66.6143401243233,66.6382170391572,66.6443623269634,66.5769673269943,66.4710325673282,66.6590642908686,66.7926444754078,65.5912412340769,66.701677447692,66.8089792820007
Early-demographic dividend,35.292996411422,35.4684782229193,35.3656391582728,35.8429880318532,35.9489519550672,36.1996240239346,36.4493658898264,36.8256179372862,37.0901044562015,37.1788203149411,36.992212228244,36.7248754046461,36.7519682546001,36.7535145621522,36.7818664704624,36.7550405668704,37.0039451292259,36.8323650375608,36.871376113418,36.8333473760608,36.6124014833894,36.4579516256276,36.4600693361126,36.476734350119,36.7181542773408,36.8642793212059,36.9920256720466,37.0480344334926,37.1999773845149,36.0656151224784,37.0048791602789,37.8068641616852
East Asia & Pacific,71.8150794206912,71.7028422108894,71.4207674116304,71.432667122397,71.3052189088088,71.1824256232601,70.9294681285769,70.7550674978581,70.5394402830209,70.37374820489,69.9230892560397,69.3070947931413,68.8051686706538,68.3021677598569,67.910283668791,67.513612132079,67.5577123489331,67.1729490812171,66.7132893076023,66.3181045375319,66.548332381072,66.472492386185,66.3374397016656,66.4583385471773,66.5328297581989,66.5558151025767,66.5555249698109,66.8331797510945,67.0447163237933,65.9181231722871,67.0070092569243,67.2057316178828
Europe & Central Asia (excluding high income),61.9534418523632,61.5506914239684,59.7561882892256,59.5417912660681,59.2363263392825,58.601389683941,57.6032541279386,57.0868086352075,58.7544859700646,58.0613634055807,57.5054264051078,58.0193157729722,57.6868432809612,57.371671378917,57.4668862703664,57.5675279529995,57.7114341477617,57.5561275815715,57.5837963422239,57.4792099374279,57.637426694997,57.6094700796886,57.6340724385927,57.6832462564537,57.9049852756415,58.2759317881287,58.4086772202233,58.6214657606528,58.639340841966,57.6174084186946,58.6126424746532,59.1837269511759
Europe & Central Asia,59.6395737930996,59.4383539731628,58.6741255109406,58.7423274474667,58.6645385628736,58.6449890005003,58.420942907671,58.4614983645264,59.5660005054066,59.5778657085373,59.3826027708907,59.8081617627531,60.0007953867782,60.0872203859695,60.5116814131283,60.8981898800626,61.1393738212604,61.3568950770748,61.6058046596548,61.6854250702219,61.9605161815292,62.3595271919484,62.640996850457,62.9323146813556,63.1857823026659,63.7005682227272,64.0246889873116,64.3215007756324,64.5939883549393,63.8165346167477,64.8023772707327,65.8231284682026
Ecuador,49.117,49.201,49.27,49.725,49.851,49.88,50.221,53.967,50.963,47.905,49.103,50.299,51.494,55.079,54.063,54.995,54.303,54.434,52.101,50.645,49.492,50.674,50.794,50.288,54.623,58.187,59.126,57.445,57.361,51.482,56.918,57.497
"Egypt, Arab Rep.",24.086,24.973,24.235,25.16,23.611,22.827,22.058,21.303,22.157,22.001,21.882,19.629,20.413,21.214,22.036,22.882,24.857,23.416,24.467,24.694,24.077,24.044,24.603,24.89,24.472,24.654,23.755,19.721,16.988,15.694,16.779,17.493
Euro area,54.046111588119,53.98705466341,54.1314066116595,54.7170244169045,55.0412496688817,55.60234464031,56.0734368639653,56.8061685542943,57.7106474177952,58.3447671499079,58.5225919285236,59.4479737419566,60.4931060579919,61.0811629248594,62.0402418695413,62.8676478930671,63.4793170534792,64.1417466446667,64.6488351783834,64.9343952161801,65.3457223403176,66.1472127122251,66.627167168525,67.0155437315429,67.2133930491199,67.8937586272333,68.2275671936462,68.5254261036969,69.0436481881436,68.113844538673,69.3390615268466,70.2982706199428
Eritrea,74.252,74.36,74.495,74.681,74.761,74.845,74.869,74.832,74.768,74.667,74.557,74.39,74.187,74.027,73.894,73.908,73.938,73.9,73.966,74.017,74.138,74.182,74.131,74.349,74.18,74.146,73.987,73.99,73.915,72.929,73.061,73.869
Spain,41.18,42.519,43.33,45.126,45.859,46.705,47.957,48.61,49.631,51.784,50.449,53.693,55.5,57.124,58.85,60.662,61.898,63.586,65.127,66.252,67.338,68.349,68.731,68.807,69.019,69.187,68.857,68.631,68.995,67.609,69.679,69.918
Estonia,70.853,68.054,67.114,67.412,66.533,66.624,66.438,66.246,64.901,65.577,65.149,63.922,65.758,67.193,67.609,69.433,68.814,70.326,70.639,71.121,71.511,71.433,71.864,71.385,72.966,73.135,75.014,75.518,75.686,76.137,76.737,79.532
Ethiopia,67.808,67.754,67.764,67.752,68.588,69.412,70.234,71.049,71.849,72.635,73.409,74.168,74.916,75.655,76.385,76.38,76.375,76.375,76.381,76.392,76.406,76.422,76.439,76.527,76.619,76.702,76.788,76.873,76.964,76.245,77.004,77.071
European Union,56.7067460647121,56.6426915265836,56.58712791341,56.8705253921213,56.9333286778005,57.2252633102919,57.5270942294598,57.9982051795284,58.7105583347543,59.2596620427704,59.3888646084179,59.7088181540352,60.3957881824145,60.8208932652269,61.5167437764623,62.1849783861065,62.60391345381,63.1316111890615,63.6104897145127,63.9694561947815,64.3544681211303,65.1609417659143,65.6583097562206,66.1548159136361,66.4092422808638,67.0349210362906,67.5485105647172,67.9025723292009,68.4026764153823,67.6692277013521,68.8269340935163,69.8205370282691
Fragile and conflict affected situations,57.8217198843266,57.6719224091414,57.3943434941729,57.2019486299536,57.2456360048127,57.1632891775184,57.0241992591732,56.9185244255008,56.805860482709,56.6756593989199,56.5286319760299,56.3011981280068,56.0350039977403,55.8919078204247,55.7864987703498,55.4329965436818,55.1386627868167,54.7557260058508,54.3721226772232,54.0033132447164,53.8424793353568,53.4766627718406,53.3420536769717,53.2015029616397,53.1323021271944,52.9312206290243,52.488832107059,52.2667521660398,51.75107874285,50.8249802120369,50.7622687392497,49.859033569459
Finland,71.971,70.556,69.772,69.023,69.1,69.121,69.806,69.973,71.412,71.461,72.243,72.652,72.383,72.356,72.802,73.26,73.835,73.937,73.496,72.498,72.639,73.384,73.412,73.884,74.42,74.053,74.915,76.256,76.564,76.489,77.239,78.909
Fiji,40.505,40.401,40.382,40.309,40.282,40.22,39.84,39.465,39.094,38.725,38.358,37.992,37.627,37.267,36.08,37.867,39.67,41.494,43.334,45.178,47.025,45.935,44.823,43.685,42.079,40.481,40.56,40.656,40.747,39.418,39.421,41.177
France,58.694,59.442,60.181,60.643,61.154,61.827,61.63,62.178,62.764,63.082,62.878,63.19,64.847,64.652,64.919,65.005,65.39,65.695,66.332,66.449,66.409,67.101,67.832,68.113,68.482,68.788,68.671,69.229,69.303,68.703,71.073,71.757
Gabon,40.888,40.79,40.728,40.683,40.655,40.626,40.621,40.626,40.608,40.622,40.661,40.703,40.756,40.803,40.848,40.933,41.025,41.083,41.134,41.181,41.252,41.313,41.357,41.386,41.412,41.317,41.237,41.175,41.138,38.614,39.296,41.104
United Kingdom,66.577,66.64,66.765,66.857,66.793,67.332,67.735,67.641,67.949,68.397,68.278,68.738,68.543,68.873,69.304,69.779,69.475,69.799,69.912,69.769,70.103,70.634,71.269,71.69,72.093,72.639,73.297,73.694,74.2,74.492,74.417,74.228
Georgia,60.134,60.656,61.237,61.873,61.568,60.847,60.246,60.043,61.689,57.727,61.069,59.292,61.089,60.333,59.287,57.295,59.14,58.846,59.878,61.756,62.097,62.722,62.091,63.098,65.021,63.624,62.723,61.934,60.537,60.895,61.811,60.866
Ghana,77.707,77.309,76.899,76.48,76.054,75.623,75.184,74.739,74.29,73.835,73.391,72.942,72.49,72.031,71.566,71.094,70.616,70.13,69.635,69.133,68.628,68.12,67.611,67.104,66.598,66.663,66.754,66.854,66.966,66.359,66.561,67.138
Guinea,65.94,65.867,65.82,65.782,65.759,65.683,65.647,65.628,65.612,65.613,65.568,65.539,64.297,63.044,61.787,60.518,59.235,57.942,56.643,55.34,54.031,52.719,51.404,50.079,48.76,47.453,46.152,44.854,43.561,43.123,42.985,43.612
"Gambia, The",46.648,46.499,46.376,46.676,46.993,47.315,47.639,47.96,48.282,48.6,48.915,49.222,49.513,49.784,50.053,50.322,50.594,50.869,51.147,51.427,51.697,51.975,52.891,53.799,54.708,55.627,56.553,57.484,57.506,56.936,57.541,57.464
Guinea-Bissau,49.342,49.265,49.208,49.18,49.183,49.15,49.133,49.022,49.036,49.061,49.085,49.106,49.138,49.184,49.241,49.264,49.297,49.332,49.368,49.404,49.42,49.423,49.444,49.466,49.507,49.539,49.582,49.626,49.691,49.22,49.718,49.648
Equatorial Guinea,51.462,51.432,51.405,51.398,51.418,51.483,51.586,51.697,51.788,51.867,51.94,52.013,52.065,52.097,52.121,52.207,52.31,52.409,52.502,52.598,52.621,52.625,52.64,52.668,52.723,52.751,52.829,52.917,52.997,50.348,51.288,52.767
Greece,40.35,41.994,42.551,43.544,44.603,46.251,46.662,49.131,50.128,50.323,49.579,50.616,51.576,53.438,53.859,54.421,54.248,54.354,55.747,56.828,56.898,57.799,57.87,58.617,59.4,59.628,59.429,59.038,59.4,58.428,59.37,61.199
Guatemala,40.497,40.774,40.96,41.175,41.512,41.598,41.883,42.261,42.51,42.713,42.807,43.061,43.187,43.413,43.324,43.246,43.177,43.118,43.069,43.03,41.967,47.327,41.429,41.563,40.199,41.302,40.299,40.11,38.939,38.557,40.049,42.279
Guam,62.9,63.081,63.24,63.378,63.512,63.65,63.785,63.924,64.07,64.229,62.253,58.458,57.652,56.815,59.319,59.808,52.376,55.11,57.853,61.398,61.353,61.813,62.268,62.747,63.168,63.544,63.955,64.25,64.737,64.008,65.342,65.801
Guyana,39.261,40.111,40.93,40.426,39.919,39.414,38.915,38.423,37.934,37.444,36.956,36.465,36.937,37.438,37.946,38.457,38.973,39.5,40.036,40.586,41.153,41.729,42.337,42.979,43.628,44.287,44.953,45.469,42.06,41.838,42.373,41.911
High income,58.9797147381261,59.1514209785786,59.2216018373215,59.6854220580838,59.9106561197921,60.3275200888987,60.8283387882498,60.9495398271563,61.3251382196741,61.6964489939695,61.7892621170986,61.9109702238121,62.1500827866999,62.3469256153888,62.7948887567402,63.2036834026229,63.3427258070962,63.6879887264293,63.7990015989536,63.7824115274897,63.8671475887043,64.2375908218432,64.5282704067698,64.9247536529795,65.1490105903231,65.7356051388625,66.2414479263745,66.7433285074863,67.3901284819084,66.7726261055473,67.6614613158982,68.5234394489911
"Hong Kong SAR, China",53.769,52.459,52.961,53.944,54.445,54.949,55.389,56.18,56.413,56.641,58.661,60.271,60.016,60.362,60.535,61.42,61.907,61.995,62.103,60.623,61.922,62.737,64.084,64.449,64.968,65.434,66.135,66.697,66.785,66.578,66.955,65.919
Honduras,45.042,45.496,46.009,45.8,46.276,46.255,46.545,46.721,46.409,44.636,44.18,43.733,43.293,42.862,42.437,39.47,38.847,40.494,41.889,43.709,40.685,39.402,44.569,47.333,48.049,47.417,46.997,51.862,48.672,49.062,50.959,51.33
Heavily indebted poor countries (HIPC),63.9528254950456,63.8917314962998,63.7180882031038,63.6843182164513,63.8764149927494,63.9210198174432,63.9076096159966,63.9205658705149,63.9584815120358,63.9759237874585,64.0676894942053,64.1011606493249,64.0822787505629,64.1352744047518,64.1534695363703,63.9141590631191,63.6329731270489,63.3852470068824,63.0540620137078,62.744211237104,62.4235226616946,61.9709684126021,61.876319597356,61.7626742999328,61.6025197710465,61.6828046447849,61.5770174205311,61.5555547023697,61.3143747125803,60.701977084591,60.8936996610123,60.6462392260585
Croatia,55.288,55.353,55.334,55.267,55.332,55.444,55.477,55.504,55.524,55.534,55.556,55.58,54.19,55.225,54.308,54.655,58.296,58.995,60.346,59.748,57.805,58.15,58.757,61.607,62.605,61.225,61.692,62.001,61.786,61.735,63.742,65.371
Haiti,58.292,58.37,58.453,58.542,58.638,58.582,58.531,58.488,58.455,58.431,58.742,59.055,59.372,59.688,60.004,60.461,60.933,61.398,61.876,62.308,62.95,62.973,63.295,63.654,63.807,63.946,64.151,64.285,64.026,63.447,64.191,62.622
Hungary,57.341,57.296,54.948,52.699,50.343,49.569,48.654,50.625,51.943,52.347,51.966,52.346,53.651,53.535,54.892,55.376,54.977,54.846,55.073,56.309,56.531,57.903,58.446,60.59,62.091,63.358,64.119,64.827,65.19,65.234,71.188,72.12
IBRD only,55.5542842864484,55.4749441611138,55.1640188688139,55.1849865696205,55.160371819542,54.98800197499,54.8966609654137,54.8756725494957,55.0306372075717,54.9252084289326,54.5851703576878,54.22989149455,53.9677763642172,53.7397700478976,53.5806973792818,53.3029799016236,53.2242443578892,52.7940739992729,52.5295729904427,52.0466850617747,51.8247276756793,51.5859479136613,51.3686192686323,51.2566239968672,51.2752566263421,51.2778469049242,51.1889130111807,51.1153504293177,51.0895334710844,49.552965930995,50.7317950414357,51.1706710532985
IDA & IBRD total,54.4907710326645,54.4051049440245,54.1503430935108,54.1820885888989,54.1131518907783,53.985898318566,53.9215065400635,53.9250150128248,54.0393260982255,53.9415055810978,53.6377746238468,53.3311122510721,53.1194690504153,52.9377927699486,52.8062445760693,52.5509515114236,52.454109771083,52.0903396730757,51.8785724685859,51.4975101076218,51.3089663273403,51.0877896151451,50.939372479649,50.8650494752387,50.9334639100422,50.9151520577897,50.889046945419,50.79834174967,50.8092835889272,49.529417383445,50.5139516405232,50.8039458683122
IDA total,49.5946426056009,49.5237524373577,49.5728448020779,49.7020284321075,49.4833093250562,49.5968995665191,49.686113287776,49.8347277364155,49.8181486285763,49.7973929668712,49.6891500685313,49.6231567945576,49.6548631337973,49.6954110987018,49.7069110942907,49.5763862084748,49.4473241219634,49.37722250639,49.4017237341208,49.4383282201481,49.4037007031661,49.2731656210786,49.3959454024742,49.4761977356414,49.7394847776327,49.6693173249624,49.8777435436009,49.7497925564828,49.9006125796641,49.4546174816511,49.8361307465012,49.6966285787427
IDA blend,41.3346756041751,41.5903932199886,41.8661764682846,42.1367948947768,41.3738228487551,41.7953453329237,42.2266828459652,42.2891855799845,42.4345370707646,42.5512456259934,42.4126484123055,42.3790626841014,42.6851027032398,42.9540152703422,43.1515598408708,43.3463383947423,43.373897606847,43.4098472451767,43.7208892573741,44.0245989564552,44.0533179577509,44.0437148832461,44.0662380808412,44.0026511568655,44.2994206692692,43.7958464212796,43.3158721928545,42.811608646866,43.505213966269,43.311917519343,43.904817887373,44.0176962197473
Indonesia,51.342,52.115,51.131,52.548,52.462,52.369,51.427,52.759,52.982,53.42,51.859,49.99,49.591,48.974,48.022,48.044,51.944,52.612,52.43,53.15,53.454,54.044,53.208,53.06,53.171,53.386,54.32,55.564,56.296,55.459,54.406,54.621
IDA only,53.5699185331466,53.3338172244453,53.2622931515007,53.3229989053762,53.3694895432547,53.351279127592,53.2929428869291,53.4970570309442,53.4124354987175,53.3455920272856,53.2735309861817,53.1930181678385,53.0835122505505,53.0107456248936,52.9288476106076,52.635356210175,52.4289959732821,52.3093580655866,52.1963054289338,52.1056172130864,52.0400953488989,51.8445987071748,52.0108521211861,52.1549894127408,52.3949734035504,52.5272840205284,53.0613685581912,53.107980766665,52.9876375489091,52.4131866013436,52.6888181169826,52.427151324918
India,29.152,29.234,29.352,29.517,29.93,30.351,30.781,31.219,31.666,32.121,32.021,31.93,31.849,31.777,31.713,31.413,31.114,30.818,30.525,30.235,29.364,28.509,28.539,28.561,28.555,28.525,28.444,28.339,28.245,27.783,28.722,29.924
Ireland,46.646,46.477,48.407,49.706,50.118,51.752,52.915,55.578,57.904,59.059,59.182,60.324,60.74,60.974,63.85,64.477,66.108,65.926,65.27,64.497,64.474,64.64,65.504,65.294,65.287,66.314,66.665,67.155,67.448,66.218,69.81,71.823
"Iran, Islamic Rep.",10.378,10.514,10.657,10.805,10.956,11.114,11.906,12.738,13.612,14.527,15.483,16.487,17.519,18.576,19.672,18.993,17.919,15.583,16.453,16.021,14.502,15.668,14.166,13.828,15.345,17.382,18.762,18.904,18.406,15.112,14.524,15.113
Iraq,9.11,9.144,9.178,9.209,9.234,9.264,9.286,9.592,9.908,10.236,10.575,10.924,11.288,11.668,12.06,12.466,12.886,12.823,12.752,12.677,12.602,12.524,13.454,14.436,14.905,15.392,11.89,11.933,11.971,11.374,11.56,11.664
Iceland,76.677,77.743,78.247,79.01,81.823,80.259,79.085,81.175,83.256,85.82,84.694,83.687,84.013,82.058,82.51,83.289,82.621,81.66,81.099,81.676,81.56,82.529,83.302,84.55,85.804,86.249,85.805,84.555,84.478,82.176,82.055,84.054
Israel,54.025,55.58,56.948,58.847,59.905,59.839,59.846,59.701,61.142,62.408,62.563,62.098,63.147,63.664,64.288,64.79,65.361,65.257,66.136,66.463,66.12,68.351,68.277,69.453,69.372,69.663,69.704,70.351,70.203,68.923,69.508,71.192
Italy,44.848,42.633,42.218,42.462,42.706,43.434,44.001,44.885,45.952,46.651,47.54,48.533,49.406,51.073,50.895,51.246,50.987,51.979,51.436,51.371,51.807,53.824,54.01,54.867,54.548,55.622,56.32,56.587,56.888,55.05,55.667,56.769
Jamaica,69.23,68.77,68.256,67.689,67.061,66.38,65.653,64.874,63.711,62.661,61.605,61.04,60.505,60.254,60.006,59.756,59.494,59.224,57.14,55.691,56.375,56.865,57.744,58.348,62.76,61.853,62.916,62.675,64.402,62.149,64.905,64.085
Jordan,11.604,11.725,11.831,11.97,12.161,12.189,12.268,12.372,12.48,12.583,11.996,12.648,11.551,11.837,12.124,12.347,15.31,14.859,15.558,15.421,15.388,14.796,13.756,12.953,14.303,15.846,17.508,15.461,14.457,15.866,14.802,14.511
Japan,58.174,58.486,58.431,58.559,58.681,59.161,59.948,60.062,59.831,59.914,60.417,60.193,60.277,60.631,61.261,61.793,62.334,62.791,63.301,63.528,63.48,63.831,65.435,66.561,67.265,68.621,70.055,71.89,73.305,73.223,73.917,75.011
Kazakhstan,71.452,71.72,72.111,72.605,72.903,72.867,72.742,72.68,72.516,72.244,71.997,71.93,72.447,72.55,72.51,73.054,73.968,74.779,74.292,73.884,73.603,73.447,73.408,73.421,73.459,73.503,73.574,73.665,73.83,73.072,74.078,73.122
Kenya,70.745,70.824,70.92,71.025,71.133,71.22,71.281,71.34,71.403,71.421,71.434,71.446,71.457,71.469,71.483,71.499,71.517,71.536,71.558,71.589,71.629,71.671,71.711,71.75,71.784,71.812,71.994,72.189,72.39,71.706,72.597,72.527
Kyrgyz Republic,65.027,66.249,67.616,69.542,70.138,69.653,68.918,68.809,68.545,68.109,67.691,67.741,67.241,66.752,66.803,66.55,65.813,65.032,64.658,64.559,63.357,60.185,57.568,57.416,57.52,56.609,53.671,54.935,54.841,56.198,55.727,56.656
Cambodia,77.493,77.183,77.077,81.235,80.665,80.413,79.546,78.596,77.627,76.689,75.732,74.757,73.765,72.762,71.746,70.712,69.661,68.598,67.532,66.458,65.377,64.292,65.617,66.94,68.261,69.568,70.86,72.136,73.398,72.868,74.003,73.862
"Korea, Rep.",49.444,49.435,49.578,50.414,51.039,51.58,52.555,49.925,50.47,52.181,53.062,53.684,53.066,54.484,54.706,55.095,55.085,55.031,54.264,54.736,55.125,55.34,55.768,57.211,58.11,58.524,59.178,59.489,60.076,59.179,60.05,61.993
Kuwait,42.306,41.991,42.322,43.535,44.09,44.602,44.726,44.857,45.04,45.31,45.693,46.203,46.829,47.148,47.316,47.245,47.262,47.489,47.919,48.545,49.343,50.152,50.834,51.185,51.258,51.202,51.324,51.051,50.816,48.334,49.244,50.247
Latin America & Caribbean (excluding high income),45.3400761104845,46.0626687600849,46.9479496649951,47.7974496795368,48.7365745471437,48.5381137091053,49.8119883611792,50.366437959705,50.7547417566158,50.9339294792708,51.5085544480497,52.0829183169213,52.7488160902174,53.742381511443,54.3909903900292,54.8455643966305,54.9378364619717,54.8694044418275,55.6489198340662,55.0926786963672,54.6510023711871,55.3495903444067,55.2663970461941,55.0535520013833,55.4818905684285,55.8576097444999,56.3405837383373,56.912385973008,57.6026063359843,53.387948948576,56.2019026852613,57.2266452718979
Lao PDR,66.534,66.29,66.013,65.548,65.163,64.78,64.419,64.285,63.901,63.621,63.342,63.048,62.742,62.421,62.054,61.615,61.266,60.933,60.641,60.328,60.06,59.815,59.59,59.402,59.205,59.008,58.853,58.745,58.681,58.158,58.273,58.804
Lebanon,20.383,20.68,20.947,21.195,21.439,21.497,21.587,21.701,21.821,21.926,21.89,21.893,21.933,22.028,22.341,22.656,22.973,23.642,24.324,25.02,25.732,26.461,27.212,27.984,28.891,29.939,31.0,32.061,33.12,29.996,31.403,31.267
Liberia,72.65,72.619,72.601,72.603,72.612,72.671,72.887,72.972,73.052,73.179,73.185,73.211,73.139,73.177,73.208,73.232,73.259,73.275,73.29,73.323,73.336,73.36,73.412,73.437,73.464,73.488,73.535,73.582,73.62,72.883,73.405,73.531
Libya,30.248,30.612,31.001,31.39,31.768,32.135,32.477,32.806,33.141,33.514,33.914,34.312,34.692,35.044,35.361,35.563,35.685,35.778,35.868,35.969,36.184,36.427,36.433,36.453,36.497,36.614,36.729,36.837,36.951,35.627,36.194,36.992
St. Lucia,53.021,53.597,54.195,54.808,55.438,56.088,56.741,57.415,58.09,58.762,59.378,60.248,61.098,61.962,62.835,63.736,64.636,65.552,66.473,67.388,68.289,71.378,70.074,70.453,70.827,71.22,71.634,71.557,71.857,68.471,70.996,70.827
Latin America & Caribbean,45.2250323800603,45.9793040157225,46.8173911739926,47.5982594518537,48.5034023999769,48.393084716798,49.5879494492181,50.1246542063587,50.4641410433098,50.6023136666426,51.1554944733482,51.6426978321722,52.2391785377464,53.2304932982936,53.9818561996183,54.4652965023375,54.5728327126179,54.5936860458842,55.3326445435598,54.8335565615572,54.5065412517377,55.1665286843808,55.0835105969762,54.9143087344045,55.287784131574,55.616960266092,56.008833631853,56.5326070526602,57.053484654051,52.9276346904899,55.5840544656476,56.5892249841498
Least developed countries: UN classification,55.0202317253297,54.9212304010155,54.7958449600253,54.8439928283671,54.9824108839814,55.0177917223479,55.0087027853751,55.0319364588502,55.029455162338,54.9586558417887,54.9081828564719,54.8449926455663,54.7509840144059,54.7155563613178,54.6721264694759,54.4442531120696,54.3279348590883,54.2225612206735,54.0860050739164,53.9708639021345,53.8525849519252,53.6895909794813,53.6972307437112,53.7057462377624,53.8038410593383,53.9063485152019,54.4626893771614,54.5248445844191,54.4094029564599,53.8953719231547,54.1797485239054,53.8215890255588
Low income,60.8886438401607,60.8775351514727,60.6709479002033,60.6207683926542,60.884708138431,60.9188706453883,60.8969577930679,60.8543542645002,60.9299197513,60.9935373129608,60.9263332080432,60.7737441945195,60.5983908702501,60.484214462677,60.3213126193329,59.7837357901775,59.3424544027814,58.991162968527,58.6783552071987,58.4009749739424,58.2220884361511,57.8923815804488,57.943077400979,58.0372883771231,58.1586815724841,58.1689857959964,58.1650996821718,57.9735307873284,57.7298929664025,56.985147790601,57.1487709946995,56.7554876754765
Sri Lanka,44.598,40.164,41.057,41.342,38.839,38.757,38.553,45.352,41.315,39.894,39.604,39.318,39.037,38.754,38.47,38.199,37.952,37.716,37.477,37.229,37.001,35.728,37.075,36.653,39.212,39.093,40.076,37.006,38.141,35.696,36.6,36.242
Lower middle income,37.3843162633499,37.4005891136126,37.4826975860938,37.64501353209,37.6270453115776,37.8188228887985,37.9773222258788,38.2272799627794,38.4474022515877,38.5650411782881,38.5086323354145,38.3604331755075,38.3670245028273,38.3560486917401,38.4617569267084,38.388375239495,38.3009875763222,38.0420546123981,38.0575793138403,37.9635546772681,37.5163230833151,37.1080742235678,37.1708623727367,37.2001806827075,37.2987280005189,37.2849445322162,37.2506029002975,37.0440246971137,37.0358469488412,36.3041467878682,36.9825225898677,37.3172118186852
Low & middle income,54.4976493356686,54.4024149361404,54.1447758919098,54.1810767135101,54.119510332334,53.9992215396115,53.9351709230062,53.945667638042,54.0669771485299,53.9626594131062,53.6543601492549,53.3837555807198,53.1825666786268,52.9925280169185,52.8511892658259,52.5928081633529,52.4978812856039,52.1186523534009,51.8944873849766,51.4994738712967,51.3009235195737,51.0676757248381,50.9166647682725,50.8300862382143,50.903455545538,50.885108315559,50.8565374956326,50.7646176025763,50.7877351541209,49.5102670978955,50.5004374219654,50.7865058037191
Lesotho,67.971,68.079,68.178,68.3,68.418,68.519,68.617,68.71,68.804,68.185,67.556,66.917,66.266,65.604,64.929,64.238,63.524,62.798,62.071,61.343,60.613,59.884,59.164,59.274,59.399,59.455,59.515,59.592,59.676,59.128,59.339,59.519
Late-demographic dividend,71.5024909698145,71.3354066588277,71.1088054938987,70.8810694097355,70.7946779720658,70.4665705831522,70.2651661775703,70.0700413050067,70.2449543952896,70.1091931866241,69.7612737263595,69.4738583037534,69.1075854513559,68.8072452308149,68.6021354447205,68.2039365009837,67.8715706539481,67.4256325749384,67.125618486577,66.5323554156573,66.6234574900065,66.5806762211025,66.4654744873025,66.5544211082031,66.7284441050718,66.7941149731051,66.9056026772914,66.9672715605578,67.1386724790799,65.7739769987774,67.3468692466385,67.5874364660491
Lithuania,70.422,69.792,69.187,68.589,68.0,67.404,66.772,66.12,68.344,67.596,66.366,65.589,69.155,65.455,65.057,64.442,64.697,65.408,67.576,68.573,69.345,70.116,70.375,71.712,72.684,74.054,74.709,75.876,76.94,77.221,77.292,77.757
Luxembourg,44.382,48.344,46.547,47.552,44.616,46.233,47.645,48.163,50.956,51.416,52.633,54.085,54.192,56.418,57.6,58.261,58.921,59.573,61.482,61.097,61.499,63.496,64.269,65.313,66.718,65.601,67.283,68.393,68.468,70.01,71.218,71.528
Latvia,61.656,62.964,63.624,63.7,63.887,63.975,64.529,64.264,62.247,61.867,63.704,65.387,65.276,64.815,65.504,67.106,68.463,71.079,71.419,71.398,70.584,72.515,72.189,71.948,73.197,74.449,74.812,75.739,75.791,76.678,73.874,75.595
"Macao SAR, China",50.016,51.248,53.119,55.015,56.916,58.773,60.528,59.964,61.195,62.322,62.142,61.869,58.766,60.058,62.158,64.153,68.071,69.372,70.235,69.86,71.279,71.01,71.81,72.526,72.41,72.062,71.685,72.141,72.183,70.707,72.267,72.53
Morocco,24.234,24.417,24.595,24.791,25.028,25.229,25.488,25.77,26.045,26.289,26.544,25.943,26.242,26.536,26.821,27.123,27.419,27.727,27.363,27.006,26.595,25.757,26.186,26.306,25.928,24.813,23.944,23.76,23.567,22.371,22.364,21.241
Moldova,62.799,62.944,63.074,63.152,63.169,63.183,63.125,63.134,63.134,63.125,61.565,61.252,60.138,58.578,58.153,60.149,60.732,61.264,62.064,64.703,66.303,67.023,67.259,71.482,72.081,71.576,70.055,68.547,70.942,70.529,72.923,73.27
Madagascar,85.507,85.49,85.478,85.469,85.482,85.545,85.618,85.689,85.753,85.804,85.871,85.85,85.887,85.896,85.889,85.823,85.743,85.649,85.54,85.42,85.289,85.152,85.013,84.869,84.724,84.663,84.616,84.58,84.557,83.626,84.163,84.05
Maldives,21.797,23.349,24.959,26.627,28.327,30.145,32.006,33.916,35.867,37.862,37.929,38.0,38.072,38.145,38.216,38.162,37.965,37.756,37.573,38.134,38.719,39.328,39.959,40.663,41.433,42.218,43.235,43.647,43.684,40.956,42.54,44.001
Middle East & North Africa,18.4218972840392,18.7779109792508,18.7785829306594,19.178026983162,19.016295309874,18.9173273503388,18.9591416730159,19.0310158162089,19.6855179424173,19.9665802614971,20.0816793024115,19.7153992220804,20.1777081474866,20.6006430529071,21.0520485739003,21.1597734294618,21.3990383228013,20.5710535251306,20.9674795892436,20.9818376337011,20.7301534613282,20.9921002287043,20.9501480910262,20.942278175446,21.455731142714,22.1073616109099,21.688486969903,20.9150220595951,20.3935759248823,19.3863609806296,19.828075040186,20.1666806848332
Mexico,35.793,36.627,37.551,38.132,39.512,39.605,41.742,41.422,40.605,41.003,40.361,40.499,41.249,42.53,43.663,44.967,45.487,45.291,45.856,45.743,46.251,47.385,47.451,46.524,46.973,47.111,46.817,47.404,49.021,45.103,48.409,49.984
Middle income,54.0817102213912,53.9773978082839,53.7120382978769,53.7501571306804,53.6628393722311,53.529189339319,53.4602318997345,53.4717542718036,53.5925692214029,53.4732521800482,53.1443893980422,52.8598468670922,52.6503769121317,52.4487593517818,52.3024137391805,52.0565120107088,51.9791792629218,51.5899524033158,51.3644089543567,50.9514823522918,50.7420478733102,50.5076628170668,50.3321847890024,50.222075684818,50.281502108462,50.2489220906439,50.2049374301727,50.107750603908,50.1403144441901,48.7966669433887,49.8513002850202,50.1855647014396
North Macedonia,51.212,50.786,50.385,49.952,49.416,48.837,46.84,46.807,46.806,47.766,47.792,47.785,50.11,49.899,49.686,48.555,50.144,49.878,49.914,48.379,51.097,50.569,52.443,52.339,51.888,51.027,51.792,51.6,54.609,53.819,53.088,52.235
Mali,62.653,62.613,62.592,62.574,62.552,62.501,62.46,62.433,62.4,62.353,62.316,62.263,62.229,62.191,62.177,62.136,62.106,62.086,62.07,62.058,62.006,61.968,61.949,61.94,63.252,61.642,60.004,57.497,55.013,51.986,52.131,52.363
Malta,31.385,32.039,32.749,33.143,33.513,34.305,35.135,35.387,35.869,35.551,35.176,36.754,36.352,33.563,36.179,36.542,38.908,40.364,41.229,42.579,44.827,49.094,52.256,54.575,55.735,58.138,60.339,63.807,65.47,67.612,69.125,72.74
Myanmar,74.129,73.073,72.475,71.702,71.004,70.384,69.87,69.33,68.197,66.776,65.643,64.469,63.157,61.918,60.727,59.632,58.675,57.885,57.123,56.489,56.165,55.75,55.301,54.932,54.664,53.177,51.678,52.574,50.397,48.795,44.883,45.005
Middle East & North Africa (excluding high income),17.4525158861143,17.7723486739211,17.7074430246245,18.0825198113052,17.8593877582999,17.7229725104938,17.7440514195232,17.7983646635436,18.4537585765124,18.7459393282344,18.8679355937351,18.4456466498282,18.8762250129749,19.2887546862523,19.7211652231166,19.7605504418995,19.9959292339617,19.0258100558891,19.4102493286111,19.2653963689445,18.8348771259172,18.9745509007704,18.8795782679152,18.7760275511184,19.228060407832,19.8341132968161,19.5569765621561,18.479603959779,17.6088204367288,16.0639210111215,16.3034372844417,16.6140744889454
Montenegro,49.381,49.612,49.831,49.933,50.002,50.091,50.183,50.227,50.604,50.656,50.816,50.983,51.151,51.299,51.444,51.44,51.417,51.396,51.49,51.436,51.422,52.996,53.635,56.753,58.358,58.382,58.546,59.717,62.171,57.789,59.274,61.544
Mongolia,60.057,60.536,60.662,60.49,60.117,59.988,59.781,59.608,59.447,59.388,59.253,59.049,58.768,58.651,58.56,58.475,58.383,56.661,56.583,57.073,57.857,57.365,56.881,57.396,57.034,55.979,57.009,55.122,59.186,57.014,54.678,57.207
Mozambique,87.32,87.417,87.525,87.61,87.682,87.672,87.675,87.236,86.788,86.332,85.871,85.403,84.926,84.441,83.947,83.445,82.935,82.415,81.887,81.349,80.803,80.247,79.683,79.11,78.526,78.572,78.631,78.701,78.775,78.029,78.156,78.664
Mauritania,26.129,26.429,26.737,27.041,27.372,27.705,28.023,28.352,28.684,29.006,28.911,28.842,28.777,28.707,28.641,28.585,28.494,28.424,28.376,28.335,28.298,28.262,28.071,27.832,27.595,27.362,27.131,27.156,27.191,26.913,26.975,27.102
Mauritius,41.736,41.911,42.029,42.117,42.217,42.214,42.214,42.215,42.211,42.208,39.622,41.533,44.972,43.605,45.151,45.547,44.478,45.562,46.131,47.857,47.253,47.655,49.935,50.395,52.06,51.064,51.786,52.039,53.278,49.936,47.858,50.396
Malawi,78.583,78.536,78.586,78.544,78.579,78.533,78.465,78.397,78.347,78.317,78.234,78.209,78.22,78.235,78.237,76.92,75.551,74.125,72.634,71.081,69.468,68.638,67.792,66.931,66.054,65.16,64.254,64.456,64.666,64.152,64.288,64.637
Malaysia,45.543,45.562,45.612,45.698,45.832,46.006,46.145,45.935,46.041,46.193,46.104,46.118,46.129,46.157,46.14,46.14,46.188,45.531,46.196,46.11,47.963,49.53,52.55,53.681,54.178,54.457,54.955,55.539,56.11,55.963,56.776,56.333
North America,66.6775984441491,67.1887261083017,67.3652628193385,68.1805325904102,68.4734850254457,68.8069757755848,69.4188820764168,69.4255907489785,69.5385113717473,69.5739280233375,69.3196391799429,69.1266993246407,68.8851035451276,68.4885321444344,68.4793580848801,68.5958673397581,68.4527328929038,68.6442698272834,68.4088841206868,67.8653505245653,67.3473728391382,67.2185425575154,66.8887696284055,66.7942883674304,66.6064087531483,66.9722330494302,67.5728597060128,67.8478806387285,68.4785933686779,67.3939527898435,67.9187848649019,68.6805384092902
Namibia,49.809,49.854,49.889,49.938,49.414,48.894,48.379,48.441,48.502,48.565,49.07,49.573,50.079,50.585,51.09,51.594,52.104,52.619,53.142,53.671,54.208,54.75,60.02,58.857,58.494,58.097,57.547,56.915,56.956,55.686,56.468,56.798
New Caledonia,63.194,63.246,63.291,63.459,63.849,63.909,64.068,63.85,63.904,64.032,64.125,64.214,64.44,64.578,64.776,65.143,65.327,65.246,65.304,65.733,66.007,66.103,66.217,66.293,65.272,64.22,63.173,62.135,61.093,61.141,60.916,61.11
Niger,70.218,70.21,70.203,70.203,70.207,70.182,70.166,70.174,70.156,70.135,70.114,70.096,70.075,70.054,70.056,70.04,70.026,70.031,70.027,70.043,70.033,67.92,65.748,63.533,63.529,63.531,63.537,63.553,63.568,62.956,62.895,63.524
Nigeria,56.386,56.418,56.443,56.482,56.538,56.562,56.597,56.641,56.683,56.741,56.744,56.785,56.805,56.833,56.852,56.828,56.817,56.813,56.817,56.823,56.802,56.499,56.2,55.531,54.858,54.183,53.505,52.826,52.147,51.64,51.775,52.052
Nicaragua,33.683,33.645,33.542,33.821,34.379,34.734,35.014,35.306,36.191,37.088,37.992,38.901,39.815,40.735,41.652,42.568,43.492,44.426,45.369,46.32,47.274,48.235,49.206,50.189,50.723,51.218,51.687,51.215,50.697,50.151,50.907,52.017
Netherlands,54.779,56.484,57.156,58.582,59.49,60.789,62.42,63.641,65.529,66.834,68.01,68.966,69.627,70.26,68.703,69.363,71.002,72.185,72.851,73.16,73.694,74.857,75.28,74.578,75.283,75.571,75.85,76.318,77.241,77.624,78.752,79.973
Norway,70.215,69.962,69.928,70.486,72.308,73.759,75.307,76.728,76.392,76.264,76.455,77.352,75.42,75.428,74.754,74.724,75.869,77.246,76.412,75.498,75.636,75.785,75.959,75.838,76.011,75.823,75.17,75.341,75.692,75.803,77.627,77.801
Nepal,21.597,21.737,21.92,22.132,22.359,22.355,22.364,22.398,22.48,22.627,22.612,22.635,22.7,22.803,22.965,23.393,23.754,24.062,24.376,24.752,25.151,25.745,26.478,27.225,27.888,28.742,29.431,29.97,30.365,30.052,30.389,30.33
New Zealand,64.184,64.037,64.053,65.31,66.366,67.846,67.657,67.477,67.795,67.904,68.87,69.529,69.698,69.929,71.102,71.663,72.155,72.349,72.453,72.294,72.765,72.971,73.098,74.311,74.3,75.619,76.917,77.219,77.269,76.652,77.996,79.193
OECD members,56.8831329463642,56.9981426778287,56.8154258707522,57.4693497304141,57.7275751633,58.0664022415215,58.5293987516392,58.6278342955891,58.8718004028637,59.0519001591096,59.0947724720502,59.2808524427804,59.5124788640768,59.5321260348564,59.9739892518832,60.3713328320904,60.5492560460921,60.9152468459522,61.2826739792911,61.346540602885,61.5125183304456,61.9785726312087,62.2611489741813,62.4497383214653,62.7001404019582,63.20521288148,63.6884046897248,64.1257348703365,64.7448958925903,63.3986927137548,64.5782913797876,65.5742176176853
Oman,23.234,23.42,23.659,23.926,24.124,24.295,24.386,24.551,24.762,24.759,24.855,25.207,25.67,25.819,25.99,26.211,26.488,26.828,27.235,27.642,28.097,28.743,29.534,30.344,31.112,31.836,32.052,32.152,32.279,31.071,31.822,32.784
Other small states,50.5829399190503,50.3233645593287,50.27798856025,50.3693413322182,50.3714080563268,50.3803835835838,50.3527019807734,50.4453794558779,50.6466725863193,50.7695322398477,50.7637985414485,50.9593762840862,51.4918701703169,51.4698609788057,51.7513286028393,52.0843507021014,52.214281909761,52.4762069323258,52.6535458792045,52.6199442786081,52.6660910832171,52.9041248107966,53.5252476584654,53.7112835921318,54.1098080120794,54.16465617827,54.5263286471959,54.7648987639492,55.1689334669559,54.1425784361704,54.8587342294575,55.8274483298914
Pakistan,14.173,14.186,14.505,14.9,12.824,13.95,15.144,15.404,15.892,16.397,16.46,16.527,17.351,18.198,18.893,19.607,19.959,20.55,21.78,22.962,23.17,23.432,23.691,24.004,25.131,24.296,23.464,22.629,24.79,25.065,26.047,25.885
Panama,40.339,41.649,43.001,43.989,45.162,45.464,45.768,45.212,46.042,47.131,48.231,49.342,49.807,49.931,50.847,49.047,49.708,50.692,52.132,50.605,49.105,51.539,53.006,53.451,54.615,54.893,55.052,57.01,59.469,54.233,55.19,54.332
Peru,44.468,44.206,45.617,47.046,50.265,53.023,55.746,56.659,59.585,55.185,60.694,62.321,63.945,65.55,67.129,70.642,73.48,73.583,74.153,75.675,75.057,74.695,74.199,73.094,71.321,71.735,73.382,73.828,73.9,63.22,68.439,69.59
Philippines,48.831,48.948,48.966,48.857,48.734,48.562,48.436,48.611,48.592,48.5,48.469,48.403,48.27,47.916,48.684,48.887,48.857,48.369,49.255,49.523,50.461,50.012,49.945,50.803,50.312,49.788,46.775,47.197,48.328,44.512,46.135,48.422
Papua New Guinea,72.81,71.92,70.798,70.565,71.022,70.663,71.176,71.701,71.766,72.188,70.151,68.025,65.817,63.532,61.181,58.772,56.317,53.828,51.318,48.801,48.864,48.749,48.672,48.179,48.003,47.878,47.835,47.95,47.815,47.387,47.363,47.908
Poland,62.353,62.245,61.768,61.55,60.483,59.923,58.779,58.632,58.628,59.849,60.212,58.723,58.257,57.574,58.012,56.759,56.439,56.893,57.742,58.863,59.182,60.023,60.443,61.389,61.729,62.267,62.834,63.485,63.611,63.71,66.175,67.198
Pre-demographic dividend,60.6364929141663,60.5974164136541,60.4119728958897,60.3440578586366,60.3974395190837,60.354209030399,60.2597826531756,60.1975136144026,60.164225678159,60.1646201212561,60.1669661612936,60.1384491787804,60.0649331311418,60.0574324158286,60.0174513837819,59.8566088976285,59.7627706543528,59.511377956849,59.1798997694393,58.8863816484122,58.6099185564535,58.2002775226095,57.9744448962066,57.6752873757397,57.4960800595359,57.3828724053978,56.9334264288223,56.6462648555824,56.4197958524125,55.7774732783446,56.0489212869311,55.7711929129405
Puerto Rico,35.846,36.717,39.023,38.806,38.609,39.377,40.295,40.288,42.232,40.294,41.221,42.164,43.129,42.798,44.558,44.904,44.226,43.4,42.106,41.133,40.428,40.409,40.395,40.394,40.419,40.562,40.402,40.821,41.183,41.212,41.62,42.882
"Korea, Dem. People's Rep.",71.381,72.186,72.828,73.304,73.952,74.5,75.33,75.685,75.467,75.723,75.713,75.931,76.13,76.321,76.342,76.738,77.118,77.085,77.373,77.61,77.73,77.79,77.836,77.853,78.084,77.755,77.969,78.32,78.346,76.719,77.339,78.824
Portugal,59.799,59.441,59.57,59.705,59.783,59.607,59.684,62.459,63.162,63.768,64.686,65.518,66.678,66.715,67.941,68.431,68.924,69.033,69.061,69.816,69.542,69.78,69.798,70.036,70.355,70.563,71.674,72.376,72.901,71.79,72.851,74.363
Paraguay,53.997,53.922,54.396,54.94,55.727,55.653,56.017,55.696,55.149,54.462,54.051,53.812,53.8,59.447,57.939,53.661,56.244,56.377,57.754,55.715,57.355,62.598,60.629,57.4,57.939,59.885,60.064,62.978,63.757,60.87,63.745,62.723
West Bank and Gaza,12.716,12.71,12.698,12.691,12.694,12.676,12.703,12.756,12.82,12.875,10.451,10.491,13.015,13.4,13.335,14.077,15.64,15.353,15.265,14.727,16.348,16.893,16.591,17.306,18.928,18.397,18.648,18.625,19.428,17.405,18.586,20.061
Pacific island small states,51.4113697545977,51.6200389162458,51.9456263094609,52.1721331214015,52.2387151303148,52.352440180428,52.3137285205371,52.2498779111199,52.2159986692113,52.3413611561198,52.4582202696735,52.5391177254562,52.4247084758111,52.3185134498235,51.8027239692999,52.77281984584,53.776190987403,54.7606025567476,55.8319779667815,56.8154506120719,57.7873289257939,57.4666156498197,57.0936494301417,56.7596274254898,56.2213563596787,55.585350329702,55.7479299021722,55.9793752685908,56.2366854236287,55.4746995506242,55.79137450918,57.0339246127179
Post-demographic dividend,59.9996635364387,60.1817282413395,60.2554734924581,60.7591912027805,61.0204232274684,61.4748521935607,61.9763164748924,62.1219964582232,62.4962263735645,62.8552124149224,63.0146246789596,63.3422817550586,63.6166941380659,63.8648887865574,64.3699905442635,64.8780274323113,65.1162488969654,65.4880915829306,65.608519274004,65.531917888808,65.5645262522551,65.893656840529,66.2179991415746,66.5840513884746,66.7994430198129,67.3701463059217,67.9550892059963,68.4134308618916,69.049679236982,68.2561600966559,69.0427189600857,70.197397015229
French Polynesia,50.651,50.66,50.635,50.653,50.655,50.648,50.622,50.601,50.592,50.593,50.603,50.628,50.687,50.756,50.83,50.894,50.926,51.442,51.984,52.529,53.081,53.637,53.798,53.964,54.183,54.441,54.736,55.074,55.442,55.211,56.06,56.369
Qatar,48.531,48.167,48.475,48.538,48.722,48.721,47.021,46.419,46.439,46.273,46.883,47.144,47.816,47.419,48.25,49.188,50.417,50.138,49.941,51.586,53.257,53.824,54.267,55.682,57.203,57.971,58.727,59.568,60.309,61.143,62.562,65.401
Romania,64.055,64.222,64.293,64.332,64.353,63.556,65.465,64.084,63.817,63.668,62.513,57.798,56.84,57.305,55.381,56.819,56.209,55.566,55.886,55.839,55.908,56.281,56.196,56.833,56.517,56.038,58.125,58.241,58.825,59.197,55.091,56.548
Russian Federation,70.834,70.176,68.022,65.851,65.436,64.46,63.204,62.262,66.339,66.405,64.977,66.095,66.099,67.113,67.867,68.527,69.191,68.838,68.675,67.974,68.256,68.352,68.233,68.439,68.535,69.112,69.06,69.469,69.059,69.405,70.457,71.06
Rwanda,53.981,54.26,54.643,55.102,55.657,55.596,55.474,55.343,55.276,55.291,55.478,55.68,55.822,55.943,56.063,56.163,56.248,56.328,56.401,56.486,56.564,56.609,56.607,56.623,56.653,56.714,56.761,56.143,53.764,58.802,54.649,56.835
South Asia,27.5429865796913,27.5439851481725,27.6894411767339,27.8680650223561,27.9656108300075,28.395167853005,28.840899325689,29.3170218727088,29.6506690299145,30.0330756275959,29.9577362573048,29.8956342328831,29.9233630532485,29.964609218799,29.9976187011239,29.8433772682473,29.6913294125882,29.5658996189658,29.5058958847452,29.4473526841552,28.8522127498426,28.2699710968893,28.4048006894825,28.5176303823128,28.7391807813604,28.7034073654368,28.9329200022082,28.73872178836,28.9226843995762,28.5031565008217,29.4353664509647,30.0499216154977
Saudi Arabia,14.876,14.854,15.117,15.322,15.574,15.889,16.249,16.656,17.112,16.825,16.727,16.927,17.681,18.387,19.001,19.596,19.16,18.936,18.571,19.852,21.154,21.732,21.504,21.73,22.998,24.186,20.91,22.92,25.483,30.654,35.859,35.697
Sudan,25.099,26.041,27.015,28.021,29.048,30.097,30.01,29.914,29.809,29.699,29.587,29.479,29.376,29.281,29.198,29.131,29.077,29.035,29.006,28.99,28.98,29.158,29.265,29.384,29.479,29.57,29.685,29.794,29.868,29.643,29.998,29.843
Senegal,33.652,33.701,33.756,33.827,33.929,33.978,34.052,34.145,34.24,34.329,34.391,34.45,34.517,34.58,34.634,34.662,34.728,34.803,34.886,34.978,35.078,35.183,35.292,35.398,35.511,40.306,36.552,37.846,38.696,38.319,39.1,38.732
Singapore,49.194,50.058,51.119,52.199,53.437,54.444,55.358,55.283,56.343,56.959,57.526,56.633,57.532,58.108,59.407,60.676,59.256,61.921,61.555,63.133,64.001,64.925,65.309,66.708,68.299,68.65,68.45,68.68,70.054,70.404,72.565,72.54
Solomon Islands,83.3,82.756,82.725,82.463,82.109,82.254,82.543,82.69,82.935,84.083,84.796,85.175,84.998,84.814,84.694,84.611,84.55,84.413,84.463,84.182,83.982,84.084,83.99,84.124,84.229,84.083,83.961,83.912,84.011,83.238,83.433,84.223
Sierra Leone,67.713,67.587,67.543,67.507,67.46,67.41,67.38,67.387,67.376,67.355,67.309,67.351,67.362,68.611,67.584,66.548,65.504,64.454,63.4,62.34,61.272,60.198,59.11,58.006,56.7,55.393,54.082,52.769,52.894,52.385,52.343,52.808
El Salvador,41.96,42.877,44.917,46.58,44.916,43.543,43.613,47.77,48.029,47.822,47.634,47.457,49.366,47.492,48.349,49.181,49.444,49.355,49.244,49.123,48.791,49.745,50.831,49.328,48.329,49.153,48.526,48.43,49.74,46.889,48.892,50.077
Somalia,22.66,22.558,22.489,22.408,22.304,22.179,22.049,21.923,21.814,21.733,21.626,21.566,21.538,21.524,21.517,21.47,21.426,21.391,21.381,21.404,21.406,21.446,21.512,21.585,21.657,21.726,21.784,21.839,21.9,21.693,21.815,21.869
Serbia,55.6,55.563,55.488,55.267,55.037,54.783,54.608,54.646,55.143,55.115,55.088,55.057,54.994,54.8,54.632,54.542,55.535,55.028,53.564,52.307,52.891,53.538,54.872,55.958,56.241,58.658,60.083,61.038,61.674,61.167,65.307,66.861
Sub-Saharan Africa (excluding high income),63.5335284451642,63.606528191808,63.642456161949,63.7344455632579,63.9266523123882,63.9953087061016,64.0148197017609,64.0486595254497,64.1045889575718,64.1630630603819,64.2048353197307,64.2988717564616,64.3731801488456,64.4476270027079,64.507498295655,64.3766995998524,64.2216890818045,64.014919186776,63.6953776685764,63.1678633231773,63.1925626689555,62.904109199574,62.7780788446715,62.4949374643487,62.4361503091418,62.3435211630256,62.1962548352303,61.9929096917076,61.8834850306457,61.1419783180496,61.5471858894345,61.7939098447281
South Sudan,70.77,70.803,70.858,70.892,70.879,70.878,70.885,70.846,70.806,70.811,70.8,70.826,70.879,70.919,70.949,70.965,70.983,71.002,71.035,71.096,71.103,71.139,71.222,71.325,71.418,71.492,71.628,71.762,71.857,71.171,71.733,71.846
Sub-Saharan Africa,63.5335284451642,63.606528191808,63.6424561619489,63.7344455632579,63.9266523123882,63.9953087061016,64.0148197017609,64.0486595254497,64.1045889575718,64.1630630603819,64.2048353197307,64.2988717564616,64.3731801488456,64.4476270027079,64.507498295655,64.3766995998524,64.2216890818045,64.0149191867759,63.6953776685764,63.1678633231773,63.1925626689555,62.904109199574,62.7780788446715,62.4949374643487,62.4361503091417,62.3435211630256,62.1962548352303,61.9929096917076,61.8834850306457,61.1419783180497,61.5471858894345,61.7939098447281
Small states,51.9362717066225,51.8245556248459,51.7974238071663,51.8707782193994,51.8822258466549,51.9187229888151,51.8595443683647,51.839848171435,51.8474313587147,51.8902373294072,51.7989660349234,51.9420379224785,52.4004995657488,52.5037738429944,52.7790336551235,53.1121318898296,53.1880886936717,53.4848883395219,53.4389885241595,53.3000236730695,53.4383011924219,53.7995179987932,54.332558633852,54.5733791575171,55.1704309991793,55.1632376083733,55.5141483605464,55.6749382347099,56.0473359319041,54.8324674595618,55.7128571589748,56.4406561248679
Sao Tome and Principe,39.015,39.084,39.156,39.239,39.332,39.394,39.465,39.536,39.59,39.619,39.624,39.618,39.596,39.56,39.512,39.526,39.527,39.521,39.495,39.466,39.416,39.372,39.35,39.35,39.375,39.43,39.512,39.618,39.732,39.325,39.841,39.686
Suriname,35.845,35.635,34.599,34.741,34.567,34.723,34.892,35.071,35.258,36.071,36.89,37.716,38.562,39.411,40.259,41.124,41.993,42.863,43.744,44.643,45.549,46.444,47.318,48.184,49.072,49.998,50.245,50.999,51.207,48.193,49.565,49.751
Slovak Republic,70.689,68.225,65.644,61.208,61.397,62.494,61.892,61.423,62.072,62.944,63.475,62.976,63.453,63.073,61.636,61.066,60.965,61.602,60.908,61.657,60.981,61.889,62.697,64.059,64.547,65.703,66.2,66.213,66.653,66.673,71.215,72.051
Slovenia,60.996,61.216,61.399,61.578,61.806,62.067,62.92,64.595,62.499,63.131,63.495,63.173,62.29,65.037,65.876,66.573,66.562,67.595,67.648,67.344,66.35,66.813,66.356,67.1,67.692,68.456,71.233,71.494,71.765,72.054,73.443,73.975
Sweden,81.354,79.577,77.675,76.583,77.191,77.242,76.551,74.847,76.038,75.516,75.948,76.063,76.005,75.517,75.874,76.28,76.795,76.958,76.41,76.219,77.332,77.881,78.743,79.278,79.894,80.176,80.666,81.021,81.162,80.296,80.738,81.244
Eswatini,46.059,46.084,46.134,46.294,46.487,46.553,46.69,46.869,47.046,47.216,47.339,47.436,47.515,47.593,47.682,47.779,47.871,47.948,48.02,48.103,48.198,48.333,48.48,48.619,48.748,48.98,49.168,49.335,49.522,49.115,49.69,49.709
Syrian Arab Republic,20.086,20.276,20.493,20.875,21.289,19.86,18.535,17.308,19.494,21.902,21.204,20.527,19.87,18.572,17.326,16.128,14.85,14.353,13.878,13.647,15.718,14.238,13.81,14.15,14.436,14.632,14.778,14.874,14.928,14.181,14.468,14.885
Chad,65.016,64.975,64.846,64.245,63.626,63.007,62.394,61.773,61.144,60.512,59.879,59.239,58.591,57.938,57.284,56.63,55.972,55.312,54.653,53.992,53.328,52.663,51.998,51.333,50.669,50.006,49.343,48.681,48.745,48.278,48.255,48.591
East Asia & Pacific (IDA & IBRD countries),73.9041432085537,73.7212916427862,73.3681849413786,73.2994410272386,73.0756379459,72.8445885653496,72.4316716063827,72.2707335091642,72.0048836253458,71.7245362608143,71.116120195203,70.3881984851642,69.8027300401733,69.155953719924,68.6310878398328,68.1103714594212,68.1086760619011,67.6327883651388,67.096980427733,66.6273808233883,66.8598082035218,66.7396419005985,66.4750111993746,66.4987249991543,66.5017834941668,66.43704865528,66.3260860554033,66.5111825400753,66.6456073401103,65.449360265983,66.5659799371907,66.6558630654377
Europe & Central Asia (IDA & IBRD countries),62.0279006515611,61.6891070471205,60.1338084584451,59.9345195890931,59.5828640646402,58.9537932250986,58.1078279268876,57.5808066248687,58.9758471476707,58.4876889064631,57.9842162552746,58.0470227013561,57.6614859855497,57.3657662258409,57.3826510606185,57.4318021983534,57.5327086402068,57.4188970943993,57.5462847134979,57.5474277910827,57.6965588824813,57.76389274616,57.8214881011438,57.9955277925776,58.2089639119622,58.5405739457192,58.791629473699,59.0340877525186,59.0784935983433,58.2080502067672,59.1178897004017,59.8188529565308
Togo,55.378,55.383,55.371,55.456,55.527,55.671,55.826,55.934,56.055,56.17,56.19,56.227,56.272,56.292,56.291,56.277,56.256,56.253,56.263,56.288,56.315,56.361,56.423,56.5,56.592,56.689,56.798,56.922,57.061,56.529,57.011,57.177
Thailand,69.06,68.975,68.921,68.904,69.984,71.076,71.744,70.147,68.957,69.484,69.807,69.952,70.096,70.369,71.69,70.555,71.633,71.586,70.561,69.733,72.36,71.895,68.748,68.488,68.33,67.715,67.199,67.828,67.568,68.018,68.424,69.474
Tajikistan,32.809,32.798,32.807,32.815,32.803,32.778,32.735,32.682,32.623,32.577,32.54,32.499,32.463,32.651,32.167,31.663,31.096,30.531,30.301,30.706,31.128,31.569,32.025,32.495,32.972,33.452,33.115,32.757,32.428,32.148,32.486,32.659
Turkmenistan,55.304,56.391,56.491,57.92,58.63,58.308,59.32,58.875,57.824,57.504,57.267,57.304,57.152,56.895,56.178,55.596,55.023,54.314,54.001,53.602,53.092,52.786,52.573,52.416,52.385,52.392,52.419,52.474,52.551,51.205,51.298,53.084
Latin America & the Caribbean (IDA & IBRD countries),45.3764772177193,46.1883167807675,47.0822086717755,47.8861616017912,48.8117999582018,48.6616718746475,49.8757367754215,50.4263196420155,50.7378460242551,50.871884127003,51.4192596301452,51.9036769199833,52.4926311005807,53.493700802726,54.218082409185,54.676771416068,54.7678976153528,54.7791341202533,55.5130148319334,55.0112233038651,54.6765043907354,55.3429159870887,55.245928479058,55.0659797944057,55.4336498780672,55.7656373098442,56.1603402289585,56.6848802797736,57.2151171140196,53.0467689273208,55.7362915191993,56.7336717223458
Timor-Leste,63.027,62.557,62.116,61.85,61.58,61.201,61.174,61.514,64.994,64.107,63.107,63.816,64.203,64.386,64.341,64.869,64.234,63.531,62.944,62.413,62.143,61.862,61.845,61.67,61.597,61.494,61.914,62.126,61.085,60.508,60.337,60.65
Middle East & North Africa (IDA & IBRD countries),17.4909608001363,17.81404744033,17.7495014475637,18.1286395579389,17.9042596794498,17.7675123667177,17.789237998192,17.8434036570705,18.5039455747153,18.7981317883989,18.9427092036327,18.5165754952797,18.9288190164023,19.3419329948468,19.7792924505057,19.8127619718125,20.0363689615859,19.0603964475949,19.4498405509359,19.3093182350159,18.8592930885939,18.9952948338548,18.9026969242307,18.7910658281119,19.2311644605981,19.8491345401416,19.5665432481183,18.478057586437,17.5892832044125,16.0493544597534,16.2783308258993,16.5757055904199
Tonga,39.839,42.218,44.615,47.013,46.933,46.849,46.764,46.677,46.587,46.497,46.409,46.326,46.25,46.18,46.104,46.015,45.933,45.862,45.782,45.716,45.681,45.634,45.569,45.489,45.401,45.315,45.236,45.165,45.206,44.791,44.833,45.246
South Asia (IDA & IBRD),27.5429865796913,27.5439851481725,27.6894411767339,27.8680650223561,27.9656108300075,28.395167853005,28.840899325689,29.3170218727088,29.6506690299145,30.0330756275959,29.9577362573048,29.8956342328831,29.9233630532485,29.964609218799,29.9976187011239,29.8433772682473,29.6913294125882,29.5658996189658,29.5058958847452,29.4473526841552,28.8522127498426,28.2699710968893,28.4048006894825,28.5176303823128,28.7391807813604,28.7034073654368,28.9329200022082,28.73872178836,28.9226843995762,28.5031565008217,29.4353664509647,30.0499216154977
Sub-Saharan Africa (IDA & IBRD countries),63.5335284451642,63.606528191808,63.642456161949,63.7344455632579,63.9266523123882,63.9953087061016,64.0148197017609,64.0486595254496,64.1045889575718,64.1630630603819,64.2048353197307,64.2988717564617,64.3731801488456,64.4476270027079,64.507498295655,64.3766995998524,64.2216890818045,64.014919186776,63.6953776685764,63.1678633231773,63.1925626689555,62.904109199574,62.7780788446715,62.4949374643487,62.4361503091418,62.3435211630256,62.1962548352303,61.9929096917076,61.8834850306457,61.1419783180497,61.5471858894345,61.7939098447281
Trinidad and Tobago,45.824,47.085,47.088,47.906,48.687,50.629,50.824,51.006,50.545,50.94,50.543,51.44,53.094,55.217,56.948,57.864,56.474,57.397,55.939,54.399,53.452,56.314,56.287,57.327,55.642,56.151,55.903,55.57,55.329,53.977,54.161,53.565
Tunisia,23.837,24.059,24.322,24.603,24.904,25.213,25.53,25.531,25.531,25.528,25.522,25.516,25.515,25.522,25.539,26.424,26.59,27.039,27.173,27.15,27.339,28.447,28.313,28.611,28.915,29.595,29.618,29.702,29.799,28.49,29.077,29.946
Turkiye,36.327,34.689,28.505,33.128,32.646,32.228,30.368,30.681,31.317,27.955,28.503,29.473,28.136,24.75,24.813,24.694,24.81,25.81,27.488,29.288,30.696,31.484,32.97,33.088,34.409,35.652,36.979,37.734,38.15,34.483,36.741,39.434
Tanzania,86.198,86.193,86.179,86.152,86.143,86.14,86.147,86.153,86.162,86.165,86.164,86.664,87.15,87.622,88.079,88.522,87.775,86.997,86.193,85.358,84.484,83.572,82.618,81.616,81.064,80.519,79.975,79.432,78.896,77.57,77.561,78.305
Uganda,63.276,63.453,63.627,63.802,63.985,64.165,64.339,64.508,64.668,64.826,64.98,65.129,65.273,65.416,65.558,65.701,65.844,65.988,66.136,66.29,66.45,66.617,66.922,67.235,67.552,67.869,68.187,68.291,68.409,67.764,68.474,68.445
Ukraine,65.907,66.046,66.183,66.313,66.399,66.411,66.291,66.027,65.679,65.486,65.505,65.753,66.097,66.37,66.541,66.617,66.74,66.138,65.493,64.828,64.271,63.902,63.6,63.441,63.361,63.277,63.201,63.086,63.003,61.961,61.756,
Upper middle income,66.9194959572639,66.8362238524105,66.412195011693,66.4617651193381,66.4318755529799,66.1445507217895,65.9904269174776,65.9187866508119,66.0805110108854,65.8886172719211,65.4491212834419,65.1440331112019,64.8425967632426,64.5791988089681,64.3104735449495,64.0266005391967,64.0968967725196,63.7282561747615,63.4242272994227,62.8685282731093,63.029763753913,63.1086174841548,62.8650567026763,62.7862367325996,62.978739651053,63.1081392127912,63.2466199283234,63.4557804669272,63.7210839490276,61.9327642771031,63.5716316036173,63.8836957344924
Uruguay,51.768,53.029,52.049,54.053,55.631,56.675,58.204,59.731,59.015,59.87,62.58,60.991,60.88,60.3,61.528,63.381,65.353,66.281,67.151,67.059,69.475,69.235,68.102,69.68,69.174,69.163,69.068,68.946,69.528,67.745,70.011,69.745
United States,66.393,67.025,67.233,68.146,68.466,68.83,69.463,69.38,69.427,69.396,69.065,68.701,68.307,67.853,67.893,67.987,67.739,67.954,67.687,67.08,66.519,66.359,65.951,65.9,65.706,66.08,66.682,66.97,67.617,66.605,66.967,67.73
Uzbekistan,48.309,50.151,50.81,51.869,52.371,52.575,52.34,52.204,52.005,51.9,51.725,51.551,51.313,50.647,49.962,49.171,48.202,47.343,46.646,46.163,45.691,45.182,44.702,44.303,43.942,43.734,43.649,43.497,43.334,42.855,43.134,43.563
St. Vincent and the Grenadines,48.956,49.69,50.694,50.751,51.864,52.244,52.881,53.574,54.083,54.428,54.856,55.799,56.886,57.579,58.124,59.121,59.608,59.897,59.75,59.43,59.473,59.743,60.06,60.283,60.498,60.902,61.219,61.663,61.87,59.758,61.043,62.27
"Venezuela, RB",51.298,51.772,51.484,50.908,50.894,51.22,51.243,51.624,50.811,50.555,51.311,50.681,49.343,50.361,52.565,53.253,52.926,53.007,53.336,53.094,53.252,53.152,52.797,52.445,52.1,51.778,50.282,49.264,45.972,42.261,42.772,41.595
Virgin Islands (U.S.),68.14,69.409,74.079,69.676,65.33,61.178,60.735,60.309,59.055,60.394,63.104,62.331,60.991,63.228,64.61,65.249,66.227,66.057,65.478,63.582,63.449,60.872,56.861,55.967,58.207,57.972,58.741,54.867,52.106,53.169,53.525,55.541
Viet Nam,81.011,80.538,80.107,79.637,79.136,78.66,76.703,76.145,76.269,74.506,75.365,74.768,74.12,73.12,74.143,75.147,76.132,76.625,77.123,77.06,77.046,77.271,78.168,78.319,78.178,77.822,77.716,77.27,77.167,74.97,74.181,74.737
Vanuatu,61.466,61.48,61.626,61.189,61.293,61.277,61.064,61.096,61.19,60.933,61.348,61.925,61.808,61.718,61.535,61.139,61.116,60.915,60.894,60.994,60.97,61.098,61.268,61.256,61.427,61.296,61.056,61.037,60.992,60.419,60.917,61.166
World,55.4182795588004,55.370664895597,55.1701160026125,55.279527672321,55.2631580567163,55.2378275377997,55.2697879589742,55.2872494274623,55.4377868255786,55.4062991623469,55.1597911259612,54.94270959739,54.8002913903932,54.6678805371234,54.6236745031398,54.4709719945013,54.4014940842169,54.135429550418,53.9542666886425,53.6065976544854,53.4348786033793,53.280412491739,53.1781578987599,53.1474011869828,53.2219025413255,53.2776238627438,53.3054561033449,53.2828106422783,53.3688891345768,52.163188302784,53.1046653274247,53.4671932190116
Samoa,45.23,45.376,45.263,45.53,45.259,44.969,45.019,44.98,44.94,44.679,44.442,44.34,44.246,44.157,44.088,44.088,43.92,43.925,44.13,44.137,44.013,44.185,44.216,44.234,44.103,43.865,43.875,44.0,43.946,43.576,43.909,44.404
"Yemen, Rep.",17.142,17.278,17.244,17.379,18.343,19.345,20.388,21.47,22.591,21.146,19.772,18.468,17.236,16.074,14.982,13.955,12.99,12.082,11.23,10.431,9.168,8.062,7.096,6.252,5.414,5.374,5.35,5.348,5.348,5.308,5.155,5.221
South Africa,53.072,53.282,53.566,53.845,54.119,54.373,54.555,54.675,54.803,54.946,55.055,55.187,55.335,55.496,55.659,55.796,55.919,56.031,54.686,50.58,53.347,53.071,53.716,53.502,55.152,55.56,56.904,56.455,56.915,52.938,54.041,55.532
Zambia,51.563,51.575,51.629,51.63,51.673,51.707,51.733,51.745,51.774,51.797,51.753,51.71,51.679,51.651,51.626,51.587,51.562,51.547,51.543,51.55,51.593,51.645,51.698,51.765,51.848,51.941,52.057,52.191,52.638,54.736,54.546,52.536
Zimbabwe,60.969,61.021,61.159,61.332,61.447,61.53,61.57,61.607,61.649,61.713,61.749,61.763,61.757,61.785,61.804,61.849,61.868,61.827,61.858,61.895,61.926,61.94,61.894,61.861,61.852,61.841,61.882,61.948,61.986,61.15,61.45,61.376
